<?xml version="1.0" encoding="UTF-8"?>
<b:bookstore xmlns:b="http://www.ftn.uns.ac.rs/xpath/examples">

	<b:title>FTN bookstore</b:title>

	<b:book category="COOKING">
		<b:title lang="en">Everyday Italian</b:title>
		<b:author>Giada De Laurentiis</b:author>
		<b:year>2005</b:year>
		<b:price>30.00</b:price>
	</b:book>

	<b:book category="CHILDREN">
		<b:title lang="en">Harry Potter</b:title>
		<b:author>J K. Rowling</b:author>
		<b:year>2005</b:year>
		<b:price>29.99</b:price>
	</b:book>

	<b:book category="WEB">
		<b:title lang="en">XQuery Kick Start</b:title>
		<b:author>James McGovern</b:author>
		<b:author>Per Bothner</b:author>
		<b:author>Kurt Cagle</b:author>
		<b:author>James Linn</b:author>
		<b:author>Vaidyanathan Nagarajan</b:author>
		<b:year>2003</b:year>
		<b:price>49.99</b:price>
	</b:book>

	<b:book category="WEB">
		<b:title lang="en">Learning XML</b:title>
		<b:author>Erik T. Ray</b:author>
		<b:year>2003</b:year>
		<b:price>39.95</b:price>
	</b:book>

</b:bookstore>